CLAVE DE ENTIDAD,ENTIDAD,CENTRO DE REINSERCIÓN SOCIAL,AMUZGO,CHATINO,CHINANTECO,CHOOL,CORA,CUCÁPAHS,CUICATECA,HUASTECO,HUAVE,GARIFNA(HONDURAS),HUICHOL,QUICHÉ,LACANDON,MAME,MAYA,MAYO,MAZAHUA,MAZATECO,MEXICANO,MEXICANERO,MIXE,MIXTECO,NÁHUATL,ÑAÑÚ,OTOMÍ,PÁPAGO,POPOLUCA,PURÉPECHA,QUICHE,RARAMURI,SERI,SOLED,TARAHUMARA,TARASCO,TEPEHUANO,TLAPANECO,TOTONACO,TRIQUI,TZELTAL,TZOTZIL,YAQUI,ZAPOTECO,ZOQUE
20,OAXACA,"CENTRO DE REINSERCIÓN SOCIAL #4 ""CUICATLÁN"".",0,0,0,0,0,0,0,0,0,0,0,0,0,0,0,0,0,3,0,0,0,1,0,0,0,0,0,0,0,0,0,0,0,0,0,0,0,1,0,0,0,3,0
20,OAXACA,"CENTRO DE REINSERCIÓN SOCIAL #8 ""MATÍAS ROMERO"".",0,0,0,0,0,0,0,0,0,0,0,0,0,0,0,0,0,0,0,0,1,0,0,0,0,0,0,0,0,0,0,0,0,0,0,0,0,0,0,0,0,3,0
20,OAXACA,"CENTRO DE REINSERCIÓN SOCIAL #1 ""PENITENCIARIA CENTRAL"".",1,1,1,0,0,0,0,0,0,0,0,0,0,0,0,0,0,4,0,0,1,3,0,0,0,0,0,0,0,0,0,0,0,0,1,0,0,0,0,0,0,24,0
20,OAXACA,"CENTRO DE REINSERCIÓN SOCIAL #9 ""JUCHITÁN"".",0,0,0,0,0,0,0,0,0,0,0,0,0,0,0,0,0,0,0,0,0,0,0,0,0,0,0,0,0,0,0,0,0,0,0,0,0,0,0,0,0,2,0
20,OAXACA,"CENTRO DE REINSERCIÓN SOCIAL #6 ""TUXTEPEC"".",0,0,1,0,0,0,0,0,0,0,0,0,0,0,0,0,0,3,0,0,0,0,0,0,0,0,0,0,0,0,0,0,0,0,0,0,0,0,0,0,0,1,0
20,OAXACA,"CENTRO DE REINSERCIÓN SOCIAL #5 ""COSOLAPA"".",0,0,0,0,0,0,0,0,0,0,0,0,0,0,0,0,0,2,0,0,0,0,0,0,0,0,0,0,0,0,0,0,0,0,0,0,0,0,0,0,0,0,0
20,OAXACA,"CENTRO DE REINSERCIÓN SOCIAL #2 ""ETLA"".",0,0,0,0,0,0,0,0,0,0,0,0,0,0,0,0,0,0,0,0,2,3,0,0,0,0,0,0,0,0,0,0,0,0,0,0,0,0,0,0,0,4,0
20,OAXACA,"CENTRO DE REINSERCIÓN SOCIAL #3 ""MIAHUATLÁN"".",0,1,0,0,0,0,0,0,0,0,0,0,0,0,0,0,0,0,0,0,0,2,0,0,0,0,0,0,0,0,0,0,0,0,0,0,0,0,0,0,0,5,0
20,OAXACA,"CENTRO DE REINSERCIÓN SOCIAL #13 ""HUAJUAPAN"".",0,0,0,0,0,0,0,0,0,0,0,0,0,0,0,0,0,0,0,0,0,2,0,0,0,0,0,0,0,0,0,0,0,0,0,0,0,0,0,0,0,0,0
20,OAXACA,"CENTRO DE REINSERCIÓN SOCIAL FEMENIL ""TANIVET"".",0,1,1,0,0,0,0,0,1,0,0,0,0,0,0,0,0,0,0,0,2,1,0,0,0,0,0,0,0,0,0,0,0,0,0,0,0,0,0,0,0,7,1
20,OAXACA,"CENTRO DE REINSERCIÓN SOCIAL #7 ""TEHUANTEPEC"".",0,2,0,0,0,0,0,0,0,1,0,0,0,0,0,0,0,0,0,0,6,2,3,0,1,0,0,0,0,0,0,0,0,0,0,0,0,0,0,0,0,40,1
20,OAXACA,"CENTRO FEDERAL DE READAPTACIÓN SOCIAL #13 ""OAXACA"".",0,0,3,0,0,0,0,0,0,0,0,1,0,0,1,0,0,0,1,0,0,1,3,0,0,0,0,0,0,0,0,1,2,0,0,0,1,4,0,4,0,21,0
20,OAXACA,"CENTRO DE REINSERCIÓN SOCIAL #10 ""JUQUILA"".",0,0,0,0,0,0,0,0,0,0,0,0,0,0,0,0,0,0,0,0,0,1,0,0,0,0,0,0,0,0,0,0,0,0,0,0,0,0,0,0,0,0,0
7,CHIAPAS,"CENTRO ESTATAL DE REINSERCIÓN SOCIAL PARA SENTENCIADOS # 14 ""EL AMATE"".",0,0,0,9,0,0,0,0,0,0,0,0,0,0,0,0,0,0,0,0,0,0,0,0,0,0,0,0,2,0,0,0,0,0,0,0,0,0,41,86,0,6,7
7,CHIAPAS,CENTRO ESTATAL DE REINSERCIÓN SOCIAL PARA SENTENCIADOS # 5.,0,0,0,3,0,0,0,0,0,0,0,0,0,0,0,0,0,0,0,0,0,0,0,0,0,0,0,0,0,0,0,0,0,0,0,0,0,0,6,12,0,0,0
7,CHIAPAS,"CENTRO ESTATAL DE REINSERCIÓN SOCIAL PARA SENTENCIADOS # 17 ""EL BAMBÚ"".",0,0,0,1,0,0,0,0,0,0,0,1,0,0,0,0,0,0,0,0,0,0,0,0,0,0,0,0,0,0,0,0,0,0,0,0,0,0,4,0,0,0,0
7,CHIAPAS,"CENTRO ESTATAL DE REINSERCIÓN SOCIAL PARA SENTENCIADOS # 4 ""TAPACHULA"".",0,0,0,0,0,0,0,0,0,0,0,2,0,0,0,0,0,0,0,0,0,0,0,0,0,0,0,0,0,0,0,0,0,0,0,0,0,0,0,2,0,0,0
7,CHIAPAS,"CENTRO ESTATAL DE REINSERCIÓN SOCIAL PARA SENTENCIADOS # 164 ""OCOSINGO"".",0,0,0,0,0,0,0,0,0,0,0,0,0,0,0,0,0,0,0,0,0,0,0,0,0,0,0,0,0,0,0,0,0,0,0,0,0,0,3,0,0,0,0
18,NAYARIT,"CENTRO FEDERAL DE READAPTACIÓN SOCIAL # 4 ""NOROESTE""",0,0,0,0,11,0,1,0,0,0,2,0,0,0,0,0,0,0,0,0,1,0,0,0,0,0,0,1,0,0,0,0,0,0,5,0,0,0,0,0,0,0,1
18,NAYARIT,COMPLEJO PENITENCIARIO ISLAS MARÍAS,0,0,1,0,20,0,0,0,0,0,0,0,0,0,3,0,0,0,0,1,1,4,0,0,0,0,0,0,0,0,0,0,0,0,3,0,0,0,0,5,0,0,1
18,NAYARIT,CENTRO DE REHABILITACIÓN SOCIAL VENUSTIANO CARRANZA,0,0,0,0,4,0,0,0,0,0,0,0,0,0,0,3,0,0,0,0,0,0,0,0,0,0,0,0,0,0,0,0,0,0,6,0,0,0,3,0,0,1,0
26,SONORA,"CENTRO DE REINSERCIÓN SOCIAL ""CD. OBREGÓN"". ",0,0,0,0,0,0,0,0,0,0,0,0,0,0,0,1,0,0,0,0,0,0,0,0,0,0,0,0,0,0,0,0,0,0,0,0,0,0,0,0,0,0,0
26,SONORA,"CENTRO DE REINSERCIÓN SOCIAL ""NAVOJOA"". ",0,0,0,0,0,0,0,0,0,0,0,0,0,0,2,0,0,0,0,0,0,0,0,0,0,0,0,0,0,0,0,0,0,0,0,0,0,0,0,0,0,0,0
26,SONORA,"CENTRO DE REINSERCIÓN SOCIAL ""NOGALES II VARONIL"".",0,0,0,0,0,0,0,0,0,0,0,0,0,1,0,0,0,0,0,0,0,3,1,0,0,1,0,0,0,0,0,0,0,0,0,2,0,0,0,3,1,2,0
26,SONORA,"CENTRO FEDERAL DE READAPTACIÓN SOCIAL #11 ""CPS-SONORA"". ",0,0,0,0,0,0,0,0,0,0,0,0,0,0,0,0,0,0,0,0,0,3,2,0,0,0,0,2,1,0,0,0,2,1,4,0,0,0,0,4,1,0,0
26,SONORA,"CENTRO DE REINSERCIÓN SOCIAL ""HERMOSILLO"". ",0,0,0,0,0,6,0,0,0,0,0,0,0,0,0,2,0,1,0,0,0,1,0,0,0,0,0,1,0,0,4,0,1,0,3,0,0,1,0,0,17,0,0
12,GUERRERO,"CENTRO DE REINSERCIÓN SOCIAL ""ACAPULCO DE JUÁREZ"".",1,0,0,0,0,0,0,0,0,0,0,0,0,0,0,0,0,0,0,0,0,12,3,0,0,0,0,0,0,0,0,0,0,0,0,1,0,0,0,0,0,4,0
12,GUERRERO,"CENTRO DE REINSERCIÓN SOCIAL ""CHILPANCINGO DE LOS BRAVOS"". ",0,0,0,0,0,0,0,0,0,0,0,0,0,0,0,0,0,0,0,0,0,7,7,0,0,0,0,0,0,0,0,0,0,0,0,5,0,0,0,0,0,0,0
12,GUERRERO,"CENTRO DE REINSERCIÓN SOCIAL ""IGUALA DE LA INDEPENDENCIA"".",0,0,0,0,0,0,0,0,0,0,0,0,0,0,0,0,0,0,0,0,0,1,0,0,0,0,0,0,0,0,0,0,0,0,0,0,0,0,0,0,0,0,0
9,DISTRITO FEDERAL,RECLUSORIO PREVENTIVO VARONIL NORTE.,0,0,0,0,0,0,0,0,0,0,0,0,0,0,0,0,0,0,0,0,0,0,0,0,1,0,0,0,0,0,0,0,0,0,0,0,0,0,1,0,0,1,0
9,DISTRITO FEDERAL,RECLUSORIO PREVENTIVO VARONIL SUR.,0,0,0,0,0,0,0,0,0,0,0,0,0,0,0,0,0,0,0,0,0,2,1,0,0,0,0,2,0,0,0,0,0,3,0,0,0,0,0,0,0,1,0
9,DISTRITO FEDERAL,RECLUSORIO PREVENTIVO VARONIL ORIENTE.,0,0,1,0,0,0,0,0,0,0,0,0,0,0,1,0,0,0,0,0,0,1,10,0,1,0,0,0,0,0,0,0,0,0,0,0,1,0,0,0,0,1,0
9,DISTRITO FEDERAL,PENITENCIARIA DISTRITO FEDERAL.,0,0,0,0,0,0,0,0,0,0,0,0,0,0,0,0,0,0,0,0,0,1,1,0,2,0,0,1,0,0,0,0,0,0,0,0,0,0,0,0,0,0,0
9,DISTRITO FEDERAL,RECLUSORIO FEMENIL SANTA MARTHA ACATITLA.,0,0,0,0,0,0,0,0,0,0,0,0,0,0,0,0,0,0,0,0,0,0,1,0,0,0,0,0,0,0,0,0,0,0,0,0,0,0,0,0,0,0,0
9,DISTRITO FEDERAL,CENTRO FEMENIL DE READAPTACIÓN SOCIAL TEPEPAN.,0,0,0,0,0,0,0,0,0,0,0,0,0,0,0,0,0,0,0,0,0,0,1,0,0,0,0,0,0,0,0,0,0,0,0,0,0,0,0,0,0,0,0
8,CHIHUAHUA,"CENTRO DE REINSERCIÓN SOCIAL ESTATAL, # 1.",0,0,0,0,0,0,0,0,0,0,0,0,0,0,0,0,0,0,0,0,0,0,0,0,0,0,0,0,0,0,0,0,4,0,0,0,0,0,0,0,0,0,0
8,CHIHUAHUA,"CENTRO DE REINSERCIÓN SOCIAL ESTATAL, # 2.",0,0,0,0,0,0,0,0,0,0,0,0,0,0,0,0,0,0,0,0,0,0,0,0,0,0,0,0,0,0,0,0,1,0,0,0,0,0,0,0,0,0,0
8,CHIHUAHUA,"CENTRO DE REINSERCIÓN SOCIAL ESTATAL, # 3.",0,0,0,0,0,0,0,0,0,0,0,0,0,0,0,0,0,0,0,0,0,1,0,0,0,0,0,0,0,0,0,0,2,0,0,0,0,0,0,0,0,0,0
8,CHIHUAHUA,"CENTRO DE REINSERCIÓN SOCIAL ESTATAL, # 4.",0,0,0,0,0,0,0,0,0,0,0,0,0,0,0,0,0,0,0,0,0,0,0,0,0,0,0,0,0,0,0,0,1,0,0,0,0,0,0,0,0,0,0
8,CHIHUAHUA,"CENTRO DE REINSERCIÓN SOCIAL DISTRITAL, ""GUACHOCHI"".",0,0,0,0,0,0,0,0,0,0,0,0,0,0,0,0,0,0,0,0,0,0,0,0,0,0,0,0,0,1,0,0,2,0,1,0,0,0,0,0,0,0,0
8,CHIHUAHUA,"CENTRO DE REINSERCIÓN SOCIAL DISTRITAL, ""GUERRERO"".",0,0,0,0,0,0,0,0,0,0,0,0,0,0,0,0,0,0,0,0,0,0,0,0,0,0,0,0,0,0,0,0,3,0,0,0,0,0,0,0,0,0,0
8,CHIHUAHUA,"CENTRO DE REINSERCIÓN SOCIAL DISTRITAL, ""GUADALUPE Y CALVO"".",0,0,0,0,0,0,0,0,0,0,0,0,0,0,0,0,0,0,0,0,0,0,0,0,0,0,0,0,0,0,0,0,1,0,1,0,0,0,0,0,0,0,0
8,CHIHUAHUA,CENTRO DE REINSERCIÓN SOCIAL DE BAJO RIESGO.,0,0,0,0,0,0,0,0,0,0,0,0,0,0,0,0,0,0,0,0,0,0,0,0,0,0,0,0,0,0,0,0,1,0,1,0,0,0,0,0,0,0,0
8,CHIHUAHUA,"CENTRO FEDERAL DE READAPTACIÓN SOCIAL # 9 ""NORTE"".",0,0,0,0,0,0,0,0,0,0,1,0,0,0,0,0,0,0,0,0,0,0,0,0,0,0,0,0,0,0,0,0,11,0,0,0,0,0,0,0,0,0,0
31,YUCATÁN,CENTRO DE REINSERCIÓN SOCIAL VARONIL DE MÉRIDA.,0,0,0,0,0,0,0,0,0,0,0,0,0,0,17,0,0,0,0,0,1,0,0,0,0,0,0,0,0,0,0,0,0,0,0,0,0,0,0,5,0,1,0
31,YUCATÁN,CENTRO DE REINSERCIÓN SOCIAL FEMENIL DE MÉRIDA.,0,0,0,0,0,0,0,0,0,0,0,0,0,0,2,0,0,0,0,0,0,0,0,0,0,0,0,0,0,0,0,0,0,0,0,0,0,0,0,0,0,0,0
31,YUCATÁN,CENTRO DE REINSERCIÓN SOCIAL DE EBTUM VALLADOLID.,0,0,0,0,0,0,0,0,0,0,0,0,0,0,1,0,0,0,0,0,0,0,0,0,0,0,0,0,0,0,0,0,0,0,0,0,0,0,0,0,0,0,0
31,YUCATÁN,CENTRO DE REINSERCIÓN SOCIAL EN TEKAX.,0,0,0,0,0,0,0,0,0,0,0,0,0,0,1,0,0,0,0,0,0,0,0,0,0,0,0,0,0,0,0,0,0,0,0,0,0,0,0,0,0,0,0
15,ESTADO DE MÉXICO,CENTRO DE PREVENSIÓN Y READAPTACIÓN SOCIAL DE SANTIAGUITO VARONIL,0,0,0,0,0,0,0,0,0,0,0,0,0,0,0,0,0,0,0,0,0,0,0,0,1,0,0,0,0,0,0,0,0,0,0,0,0,0,0,0,0,6,v
15,ESTADO DE MÉXICO,CENTRO DE PREVENSIÓN Y READPTACIÓN SOCIAL DE SANTIAGUITO FEMENIL,0,0,0,0,0,0,0,0,0,0,0,0,0,0,0,0,0,0,0,0,0,0,0,0,0,0,0,0,0,0,0,0,0,0,0,0,1,0,0,0,0,0,0
15,ESTADO DE MÉXICO,"CENTRO DE PREVENSIÓN Y READAPTACIÓN SOCIAL DE OTUMBA ""TEPACHICO""",0,0,0,0,0,0,0,0,0,0,0,0,0,0,0,0,0,1,0,0,0,0,0,0,0,0,0,0,0,0,0,0,0,0,0,0,0,0,0,0,0,0,0
15,ESTADO DE MÉXICO,CENTRO DE PREVENSIÓN Y READAPTACIÓN SOCIAL DE VALLE DE BRAVO,0,0,0,0,0,0,0,0,0,0,0,0,0,0,0,0,0,0,0,0,0,0,0,0,0,0,0,0,0,0,0,0,0,0,0,0,0,0,0,0,0,1,0
15,ESTADO DE MÉXICO,"CENTRO DE PREVENCIÓN Y READAPTACIÓN SOCIAL NEZA VARONIL ""BORDO""",0,0,0,0,0,0,0,0,0,0,0,0,0,0,0,0,0,0,0,0,0,0,0,0,0,0,0,0,0,0,0,0,0,0,0,0,0,0,0,0,0,1,0
15,ESTADO DE MÉXICO,"CENTRO DE PREVENCIÓN DE READAPTACIÓN SOCIAL NEZA FEMENIL ""BORDO""",0,0,0,0,0,0,0,0,0,0,0,0,0,0,0,0,0,0,0,0,0,1,0,0,0,0,0,0,0,0,0,0,0,0,0,0,0,0,0,0,0,0,0
15,ESTADO DE MÉXICO,"CENTRO FEDERAL DE READAPTACIÓN SOCIAL  N° 1 ""ALTIPLANO""",0,0,0,0,0,0,0,0,0,0,0,0,0,0,8,0,0,0,0,0,0,0,0,0,0,0,0,0,0,0,0,0,0,0,0,0,0,0,0,0,0,0,0
15,ESTADO DE MÉXICO,"CENTRO DE PREVENSIÓN Y READAPTACIÓN SOCIAL  DE TLANEPANTLA ""BARRIENTOS""",0,0,0,0,0,0,0,0,0,0,0,0,0,0,0,0,1,0,0,0,0,0,0,0,1,0,0,0,0,0,0,0,0,0,0,0,0,0,0,0,0,0,0
13,HIDALGO,CENTRO DE REINSERCIÓN SOCIAL DE PACHUCA,0,0,0,0,0,0,0,0,0,0,0,0,0,0,0,0,0,0,0,0,0,1,1,7,6,0,0,0,0,0,0,0,0,0,0,0,0,0,0,0,0,0,0
13,HIDALGO,CENTRO DE REINSERCIÓN SOCIAL DE IXMIQUILPAN,0,0,0,0,0,0,0,0,0,0,0,0,0,0,0,0,0,0,0,0,0,0,0,1,0,0,0,0,0,0,0,0,0,0,0,0,0,0,0,0,0,0,0
13,HIDALGO,CENTRO DE REINSERCIÓN SOCIAL DE ACTOPAN,0,0,0,0,0,0,0,0,0,0,0,0,0,0,0,0,0,0,0,0,0,0,0,0,2,0,0,0,0,0,0,0,0,0,0,0,0,0,0,0,0,0,0
25,SINALOA,"CENTRO DE EJECUCIÓN DE LAS CONSECUENCIAS JURÍDICAS DEL DELITO, LOS MOCHIS. ",0,0,0,0,0,0,0,0,0,0,0,0,0,0,0,4,0,0,0,0,0,0,3,0,0,0,0,0,0,0,0,0,0,0,0,0,0,0,4,0,0,0,0
25,SINALOA,"CENTRO DE EJECUCIÓN DE LAS CONSECUENCIAS JURÍDICAS DEL DELITO, MAZATLÁN. ",0,0,0,0,4,0,0,0,0,0,0,0,0,0,0,0,0,0,0,0,0,0,0,0,0,0,0,0,0,0,0,0,0,0,0,0,0,0,0,0,0,0,0
25,SINALOA,"CENTRO FEDERAL DE READAPTACIÓN SOCIAL # 8 ""NOR-PONIENTE"".",0,0,0,0,0,0,0,0,0,0,0,0,0,0,0,0,0,0,0,0,0,0,1,0,0,0,0,0,0,0,0,0,0,0,0,0,0,0,0,1,0,0,0
16,MICHOACÁN,"CENTRO DE REINSERCIÓN SOCIAL ""LIC. DAVID FRANCO RODRÍGUEZ"" MIL CUMBRES CHARO. ",0,0,0,0,0,0,0,0,0,0,0,0,0,0,0,0,1,0,0,0,0,0,1,0,1,0,0,0,0,0,0,0,0,0,0,0,0,0,0,0,0,0,0
16,MICHOACÁN,"CENTRO DE REINSERCIÓN SOCIAL ""GRAL. FRANCISCO J. MUJICA"" MORELIA. ",0,0,0,0,0,0,0,0,0,0,0,0,0,0,0,0,0,0,0,0,0,0,1,0,0,0,0,4,0,0,0,0,0,0,0,0,0,0,0,0,0,0,0
16,MICHOACÁN,"CENTRO DE REINSERCIÓN SOCIAL ""LIC. EDUARDO RUÍZ"" URUAPAN. ",0,0,0,0,0,0,0,0,0,0,0,0,0,0,0,0,0,0,0,0,0,0,2,0,0,0,0,3,0,0,0,0,0,0,0,0,0,0,0,0,0,0,0
16,MICHOACÁN,CENTRO DE REINSERCIÓN SOCIAL LA PIEDAD. ,0,0,0,0,0,0,0,0,0,0,0,0,0,0,0,0,0,0,0,0,0,0,0,0,0,0,0,1,0,0,0,0,0,0,0,0,0,0,0,0,0,0,0
16,MICHOACÁN,CENTRO DE REINSERCIÓN SOCIAL ZAMORA ,0,0,0,0,0,0,0,0,0,0,0,0,0,0,0,0,0,0,0,0,0,0,0,0,0,0,0,2,0,0,0,0,0,0,0,0,0,0,0,0,0,0,0
21,PUEBLA,"CENTRO DE REINSERCIÓN SOCIAL ""PUEBLA"". ",0,0,0,0,0,0,0,0,0,0,0,0,0,1,0,0,0,0,0,0,0,0,2,0,0,0,0,0,0,0,0,0,0,0,0,0,0,0,0,1,0,0,0
21,PUEBLA,"CENTRO DE REINSERCIÓN SOCIAL ""HUAUCHINANGO"".",0,0,0,0,0,0,0,0,0,0,0,0,0,0,0,0,0,0,0,0,0,0,6,0,0,0,0,0,0,0,0,0,0,0,0,0,1,0,0,0,0,0,0
21,PUEBLA,"CENTRO DE REINSERCIÓN SOCIAL ""CHOLULA"". ",0,0,0,0,0,0,0,0,0,0,0,0,0,0,0,0,0,0,1,0,0,0,,0,0,0,0,0,0,0,0,0,0,0,0,0,0,0,0,0,0,0,0
21,PUEBLA,"CENTRO DE REINSERCIÓN SOCIAL ""TEHUACÁN"". ",0,0,0,0,0,0,0,0,0,0,0,0,0,0,0,0,0,0,0,0,0,0,3,0,0,0,0,0,0,0,0,0,0,0,0,0,0,0,0,0,0,0,0
2,BAJA CALIFORNIA,"CENTRO DE REINSERCIÓN SOCIAL ""MEXICALI"".",0,0,0,0,0,0,0,0,0,0,0,0,0,0,0,0,0,0,0,1,0,1,0,0,0,0,0,0,0,0,0,0,0,0,0,0,0,0,0,0,0,1,0
2,BAJA CALIFORNIA,"CENTRO DE REINSERCIÓN SOCIAL ""ENSENADA"".",0,0,0,0,1,0,0,0,0,0,0,0,0,0,1,0,0,0,0,0,0,5,0,0,0,0,0,0,0,0,0,0,1,0,0,0,0,1,0,0,0,1,0
2,BAJA CALIFORNIA,"CENTRO DE REINSERCIÓN SOCIAL ""EL HONGO"".",0,0,0,0,0,0,0,0,0,0,0,0,0,0,0,0,0,0,0,0,0,1,0,0,0,0,0,0,0,0,0,0,0,0,0,0,0,0,0,0,0,0,0
30,VERACRUZ,"CENTRO DE REINSERCIÓN SOCIAL ""AMATLÁN DE LOS REYES"". ",0,0,0,0,0,0,0,0,0,0,0,0,0,0,0,0,0,0,0,0,0,0,1,0,0,0,0,0,0,0,0,0,0,0,0,0,0,0,0,0,0,0,0
30,VERACRUZ,"CENTRO DE REINSERCIÓN SOCIAL ""TUXPAN"".",0,0,0,0,0,0,0,0,0,0,0,0,0,0,0,0,0,0,0,0,0,0,0,0,0,0,0,0,0,0,0,0,0,0,0,0,1,0,0,0,0,0,0
30,VERACRUZ,"CENTRO FEDERAL DE READAPTACIÓN SOCIAL #5 ""ORIENTE"". ",0,0,1,0,1,0,0,0,0,0,0,0,0,0,0,0,0,1,0,0,0,0,3,0,2,0,0,0,0,0,0,0,0,0,1,0,0,0,0,0,0,1,0
11,GUANAJUATO,"CENTRO FEDERAL DE READAPTACIÓN SOCIAL #12 ""CPS-GUANAJUATO"".",1,0,0,0,1,0,0,2,0,0,0,0,0,0,0,0,0,0,0,0,0,1,0,0,0,0,1,0,0,0,0,0,2,0,1,0,0,1,0,0,1,0,0
6,COLIMA,"CENTRO DE REINSERCIÓN SOCIAL ""COLIMA"".",0,0,0,0,0,0,0,0,0,0,0,0,0,0,0,0,0,0,0,0,0,1,10,0,0,0,0,0,0,0,0,0,0,0,0,0,0,0,0,0,0,0,0
17,MORELOS,CENTRO DE READAPTACIÓN SOCIAL DE  MORELOS VARONIL,1,0,0,0,0,0,0,0,0,0,0,0,0,0,0,0,0,1,0,0,0,1,3,0,0,0,0,0,0,0,0,0,0,0,0,0,0,0,0,0,0,1,0
17,MORELOS,CENTRO DE READAPTACIÓN SOCIAL MORELOS FEMENIL,0,0,0,0,0,0,0,0,0,0,0,0,0,0,0,0,0,0,0,0,0,0,1,0,0,0,0,0,0,0,0,0,0,0,0,0,0,0,0,0,0,0,0
17,MORELOS,CARCEL DISTRITAL DE CUAUTLA,0,0,0,0,0,0,0,0,0,0,0,0,0,0,0,0,0,0,0,0,0,0,1,0,0,0,0,0,0,0,0,0,0,0,0,1,0,0,0,0,0,0,0
14,JALISCO,"CENTRO DE REINSERCIÓN SOCIAL ""PUENTE GRANDE"". ",0,0,0,0,0,0,0,0,0,0,3,0,0,0,0,0,0,0,0,0,0,0,0,0,3,0,0,0,2,0,0,0,0,0,0,0,0,0,0,0,0,0,0
14,JALISCO,"CENTRO FEDERAL DE READAPTACIÓN SOCIAL # 2 ""OCCIDENTE"".",0,0,0,0,0,0,0,0,0,0,1,0,0,0,0,0,0,0,0,0,0,0,0,0,0,0,0,0,0,0,0,0,0,0,0,0,0,0,0,0,0,1,0
27,TABASCO,"CENTRO DE REINSERCIÓN SOCIAL ""VILLAHERMOSA"".",0,0,0,0,0,0,0,0,0,0,0,0,0,0,0,0,0,0,0,0,0,0,0,0,0,0,0,0,0,0,0,0,0,0,0,0,0,0,1,0,0,2,0
27,TABASCO,"CENTRO FEDERAL DE READAPTACIÓN SOCIAL # 6 ""SURESTE"".",0,0,0,0,0,0,0,0,0,0,0,0,0,0,1,0,0,0,0,0,0,1,0,0,0,0,0,0,0,0,0,0,1,0,0,0,0,0,0,4,0,0,0
10,DURANGO,"CENTRO DE REINSERCIÓN SOCIAL  N°1 ""DURANGO"".",0,0,0,0,0,0,0,0,0,0,0,0,0,0,0,0,0,0,0,0,0,0,2,0,0,0,0,0,0,0,0,0,0,0,0,0,0,0,0,0,0,0,0
10,DURANGO,"CENTRO FEDERAL DE READAPTACIÓN SOCIAL # 7 ""NOR-NOROESTE.""",0,0,0,0,0,0,0,0,0,0,0,0,0,0,0,0,0,0,0,0,0,0,2,0,0,0,0,0,0,0,0,0,0,0,2,0,0,0,0,0,1,0,0
10,DURANGO,"CENTRO FEDERAL DE READAPTACIÓN SOCIAL #14 ""CPS-DURANGO"". ",0,0,1,0,0,0,0,0,0,0,0,0,0,0,0,0,0,0,0,0,0,0,0,0,0,0,0,0,0,0,0,0,0,0,0,0,0,0,0,0,0,0,0
4,CAMPECHE,"CENTRO DE REINSERCIÓN SOCIAL ""SAN FRANCISCO KOBEN"".",0,0,0,0,0,0,0,0,0,0,0,0,0,0,2,0,0,0,0,0,0,0,0,0,0,0,0,0,0,0,0,0,0,0,0,0,0,0,0,5,0,0,0
5,COAHUILA,"CENTRO FEDERAL DE READAPTACIÓN SOCIAL # 10 NOR-NORESTE"".",0,0,0,0,0,0,0,0,0,0,0,0,1,0,2,0,0,0,0,0,0,1,2,0,0,0,0,0,0,0,0,0,0,0,0,0,0,0,0,0,0,0,0
22,QUERÉTARO,"CENTRO DE READAPTACIÓN SOCIAL ""SAN JOSÉ EL ALTO"".",0,0,0,0,0,0,0,0,0,0,0,0,0,0,0,0,0,0,0,0,0,0,0,0,2,0,0,1,0,0,0,0,0,0,0,0,0,0,0,0,0,0,0
19,NUEVO LEÓN,"CENTRO DE REINSERCIÓN SOCIAL ""CADEREYTA"", NUEVO LEÓN. ",0,0,0,0,0,0,0,0,0,0,0,0,0,0,1,0,0,0,0,0,0,0,0,0,0,0,0,0,0,0,0,0,0,0,0,0,0,0,0,0,0,0,0
23,QUINTANA ROO,"CÁRCEL PÚBLICA ""BENITO JUÁREZ"".",0,0,0,0,0,0,0,0,0,0,0,0,0,0,1,0,0,0,0,0,0,0,0,0,0,0,0,0,0,0,0,0,0,0,0,0,0,0,0,0,0,0,0
32,ZACATECAS,"CENTRO DE REINSERCIÓN SOCIAL ""CIENEGUILLAS"". ",0,0,0,0,0,0,0,0,0,0,0,0,0,0,0,0,0,0,0,0,0,0,0,0,0,0,0,0,0,0,0,0,0,0,0,0,0,0,0,0,0,0,0
1,AGUASCALIENTES,NO CUENTA CON PERSONAS INDÍGENAS INTERNAS ,0,0,0,0,0,0,0,0,0,0,0,0,0,0,0,0,0,0,0,0,0,0,0,0,0,0,0,0,0,0,0,0,0,0,0,0,0,0,0,0,0,0,0
3,BAJA CALIFORNIA SUR,NO CUENTA CON PERSONAS INDÍGENAS INTERNAS ,0,0,0,0,0,0,0,0,0,0,0,0,0,0,0,0,0,0,0,0,0,0,0,0,0,0,0,0,0,0,0,0,0,0,0,0,0,0,0,0,0,0,0
24,SAN LUIS POTOSÍ,NO CUENTA CON PERSONAS INDÍGENAS INTERNAS ,0,0,0,0,0,0,0,0,0,0,0,0,0,0,0,0,0,0,0,0,0,0,0,0,0,0,0,0,0,0,0,0,0,0,0,0,0,0,0,0,0,0,0
28,TAMAULIPAS,NO CUENTA CON PERSONAS INDÍGENAS INTERNAS ,0,0,0,0,0,0,0,0,0,0,0,0,0,0,0,0,0,0,0,0,0,0,0,0,0,0,0,0,0,0,0,0,0,0,0,0,0,0,0,0,0,0,0
29,TLAXCALA,NO CUENTA CON PERSONAS INDÍGENAS INTERNAS ,0,0,0,0,0,0,0,0,0,0,0,0,0,0,0,0,0,0,0,0,0,0,0,0,0,0,0,0,0,0,0,0,0,0,0,0,0,0,0,0,0,0,0